Item Name,Quantity,Price (Total USD),Item Link,Notes
Gateron KS-33 2.0 Low Profile Switches (45 Count) ,1,$29.60,Gateron,"Yes I check aliexpress and other places, this is the cheapest I found in the quantity i need"
1N4148 Diodes,1,$1.58,Aliexpress,
M3 Screws and Spacers,1,$10.93,Amazon,
M3x3 Heatset inserts,1,$6.57,Amazon,
PCB,1,$28.55,JLCPCB,
0.91 OLED,1,$0,ME,
3D Printed Parts,1,$0,ME,
Raspberry Pi Pico 2,1,$11.54,Amazon,Cheapest becauase I have Prime
Womier Low Profile Keycaps,1,$17.19,Amazon,
,,$105.96,,